,SN,Commodity,Date,Unit,Minimum,Maximum,Average
0,0,Tomato Big(Nepali),2013-06-16,Kg,35.0,40.0,37.5
1,1,Tomato Small(Local),2013-06-16,Kg,26.0,32.0,29.0
2,2,Potato Red,2013-06-16,Kg,20.0,21.0,20.5
3,3,Potato White,2013-06-16,Kg,15.0,16.0,15.5
4,4,Onion Dry (Indian),2013-06-16,Kg,28.0,30.0,29.0
5,5,Carrot(Local),2013-06-16,Kg,30.0,35.0,32.5
6,6,Cabbage(Local),2013-06-16,Kg,6.0,10.0,8.0
7,7,Cauli Local,2013-06-16,Kg,30.0,35.0,32.5
8,8,Raddish Red,2013-06-16,Kg,35.0,40.0,37.5
9,9,Raddish White(Local),2013-06-16,Kg,25.0,30.0,27.5
10,10,Brinjal Long,2013-06-16,Kg,16.0,18.0,17.0
11,11,Brinjal Round,2013-06-16,Kg,20.0,22.0,21.0
12,12,Cow pea(Long),2013-06-16,Kg,20.0,25.0,22.5
13,13,Green Peas,2013-06-16,Kg,55.0,60.0,57.5
14,14,French Bean(Local),2013-06-16,Kg,25.0,30.0,27.5
15,15,Soyabean Green,2013-06-16,Kg,60.0,70.0,65.0
16,16,Bitter Gourd,2013-06-16,Kg,14.0,16.0,15.0
17,17,Bottle Gourd,2013-06-16,Kg,15.0,20.0,17.5
18,18,Pointed Gourd(Local),2013-06-16,Kg,30.0,35.0,32.5
19,19,Snake Gourd,2013-06-16,Kg,25.0,30.0,27.5
20,20,Smooth Gourd,2013-06-16,Kg,20.0,25.0,22.5
21,21,Sponge Gourd,2013-06-16,Kg,45.0,50.0,47.5
22,22,Pumpkin,2013-06-16,Kg,18.0,20.0,19.0
23,23,Squash(Long),2013-06-16,Kg,30.0,35.0,32.5
24,24,Turnip,2013-06-16,Kg,45.0,50.0,47.5
25,25,Okara,2013-06-16,Kg,20.0,25.0,22.5
26,26,Christophine,2013-06-16,Kg,38.0,40.0,39.0
27,27,Brd Leaf Mustard,2013-06-16,Kg,45.0,50.0,47.5
28,28,Spinach Leaf,2013-06-16,Kg,50.0,55.0,52.5
29,29,Cress Leaf,2013-06-16,Kg,55.0,60.0,57.5
30,30,Mustard Leaf,2013-06-16,Kg,40.0,45.0,42.5
31,31,Fenugreek Leaf,2013-06-16,Kg,55.0,60.0,57.5
32,32,Onion Green,2013-06-16,Kg,40.0,45.0,42.5
33,33,Mushroom(Kanya),2013-06-16,Kg,150.0,160.0,155.0
34,34,Asparagus,2013-06-16,Kg,100.0,150.0,125.0
35,35,Neuro,2013-06-16,Kg,50.0,60.0,55.0
36,36,Brocauli,2013-06-16,Kg,70.0,80.0,75.0
37,37,Sugarbeet,2013-06-16,Kg,35.0,40.0,37.5
38,38,Drumstick,2013-06-16,Kg,35.0,40.0,37.5
39,39,Red Cabbbage,2013-06-16,Kg,70.0,80.0,75.0
40,40,Lettuce,2013-06-16,Kg,55.0,60.0,57.5
41,41,Celery,2013-06-16,Kg,120.0,130.0,125.0
42,42,Parseley,2013-06-16,Kg,180.0,190.0,185.0
43,43,Fennel Leaf,2013-06-16,Kg,70.0,80.0,75.0
44,44,Mint,2013-06-16,Kg,120.0,130.0,125.0
45,45,Turnip A,2013-06-16,Kg,40.0,45.0,42.5
46,46,Tamarind,2013-06-16,Kg,65.0,70.0,67.5
47,47,Bamboo Shoot,2013-06-16,Kg,50.0,60.0,55.0
48,48,Tofu,2013-06-16,Kg,55.0,60.0,57.5
49,49,Gundruk,2013-06-16,Kg,180.0,190.0,185.0
50,50,Apple(Jholey),2013-06-16,Kg,100.0,120.0,110.0
51,51,Banana,2013-06-16,Doz,70.0,80.0,75.0
52,52,Lime,2013-06-16,Kg,200.0,400.0,300.0
53,53,Pomegranate,2013-06-16,Kg,200.0,220.0,210.0
54,54,Mango(Maldah),2013-06-16,Kg,50.0,60.0,55.0
55,55,Grapes(Green),2013-06-16,Kg,250.0,260.0,255.0
56,56,Water Melon(Green),2013-06-16,Kg,15.0,18.0,16.5
57,57,Sweet Orange,2013-06-16,Kg,90.0,100.0,95.0
58,58,Pineapple,2013-06-16,1 Pc,60.0,70.0,65.0
59,59,Cucumber(Local),2013-06-16,Kg,25.0,30.0,27.5
60,60,Jack Fruit,2013-06-16,Kg,20.0,25.0,22.5
61,61,Papaya(Nepali),2013-06-16,Kg,60.0,70.0,65.0
62,62,Sugarcane,2013-06-16,1 Pc,50.0,60.0,55.0
63,63,Ginger,2013-06-16,Kg,140.0,150.0,145.0
64,64,Chilli Dry,2013-06-16,Kg,170.0,180.0,175.0
65,65,Chilli Green,2013-06-16,Kg,30.0,40.0,35.0
66,66,Capsicum,2013-06-16,Kg,55.0,60.0,57.5
67,67,Garlic Green,2013-06-16,Kg,45.0,50.0,47.5
68,68,Coriander Green,2013-06-16,Kg,90.0,110.0,100.0
69,69,Garlic Dry Chinese,2013-06-16,Kg,100.0,110.0,105.0
70,70,Garlic Dry Nepali,2013-06-16,Kg,50.0,60.0,55.0
71,71,Clive Dry,2013-06-16,Kg,70.0,80.0,75.0
72,72,Clive Green,2013-06-16,Kg,70.0,80.0,75.0
73,73,Fish Fresh,2013-06-16,Kg,210.0,220.0,215.0
74,74,Tomato Big(Nepali),2013-06-17,Kg,25.0,30.0,27.5
75,75,Tomato Small(Local),2013-06-17,Kg,20.0,25.0,22.5
76,76,Potato Red,2013-06-17,Kg,20.0,21.0,20.5
77,77,Potato White,2013-06-17,Kg,15.0,16.0,15.5
78,78,Onion Dry (Indian),2013-06-17,Kg,29.0,30.0,29.5
79,79,Carrot(Local),2013-06-17,Kg,35.0,40.0,37.5
80,80,Cabbage(Local),2013-06-17,Kg,6.0,10.0,8.0
81,81,Cauli Local,2013-06-17,Kg,25.0,30.0,27.5
82,82,Raddish Red,2013-06-17,Kg,35.0,40.0,37.5
83,83,Raddish White(Local),2013-06-17,Kg,30.0,35.0,32.5
84,84,Brinjal Long,2013-06-17,Kg,18.0,20.0,19.0
85,85,Brinjal Round,2013-06-17,Kg,25.0,30.0,27.5
86,86,Cow pea(Long),2013-06-17,Kg,20.0,25.0,22.5
87,87,Green Peas,2013-06-17,Kg,55.0,60.0,57.5
88,88,French Bean(Local),2013-06-17,Kg,30.0,35.0,32.5
89,89,Soyabean Green,2013-06-17,Kg,55.0,60.0,57.5
90,90,Bitter Gourd,2013-06-17,Kg,16.0,20.0,18.0
91,91,Bottle Gourd,2013-06-17,Kg,18.0,20.0,19.0
92,92,Pointed Gourd(Local),2013-06-17,Kg,30.0,35.0,32.5
93,93,Snake Gourd,2013-06-17,Kg,30.0,35.0,32.5
94,94,Smooth Gourd,2013-06-17,Kg,15.0,20.0,17.5
95,95,Sponge Gourd,2013-06-17,Kg,45.0,50.0,47.5
96,96,Pumpkin,2013-06-17,Kg,18.0,20.0,19.0
97,97,Squash(Long),2013-06-17,Kg,20.0,25.0,22.5
98,98,Okara,2013-06-17,Kg,18.0,22.0,20.0
99,99,Christophine,2013-06-17,Kg,35.0,40.0,37.5
100,100,Brd Leaf Mustard,2013-06-17,Kg,40.0,45.0,42.5
101,101,Spinach Leaf,2013-06-17,Kg,45.0,50.0,47.5
102,102,Cress Leaf,2013-06-17,Kg,40.0,45.0,42.5
103,103,Mustard Leaf,2013-06-17,Kg,35.0,40.0,37.5
104,104,Fenugreek Leaf,2013-06-17,Kg,40.0,45.0,42.5
105,105,Onion Green,2013-06-17,Kg,40.0,45.0,42.5
106,106,Mushroom(Kanya),2013-06-17,Kg,180.0,200.0,190.0
107,107,Asparagus,2013-06-17,Kg,100.0,150.0,125.0
108,108,Neuro,2013-06-17,Kg,50.0,60.0,55.0
109,109,Brocauli,2013-06-17,Kg,70.0,80.0,75.0
110,110,Sugarbeet,2013-06-17,Kg,35.0,40.0,37.5
111,111,Drumstick,2013-06-17,Kg,45.0,50.0,47.5
112,112,Red Cabbbage,2013-06-17,Kg,60.0,70.0,65.0
113,113,Lettuce,2013-06-17,Kg,45.0,50.0,47.5
114,114,Celery,2013-06-17,Kg,120.0,130.0,125.0
115,115,Parseley,2013-06-17,Kg,180.0,190.0,185.0
116,116,Fennel Leaf,2013-06-17,Kg,40.0,45.0,42.5
117,117,Mint,2013-06-17,Kg,120.0,130.0,125.0
118,118,Turnip A,2013-06-17,Kg,45.0,50.0,47.5
119,119,Tamarind,2013-06-17,Kg,65.0,70.0,67.5
120,120,Bamboo Shoot,2013-06-17,Kg,50.0,60.0,55.0
121,121,Tofu,2013-06-17,Kg,55.0,60.0,57.5
122,122,Gundruk,2013-06-17,Kg,190.0,200.0,195.0
123,123,Apple(Jholey),2013-06-17,Kg,110.0,130.0,120.0
124,124,Banana,2013-06-17,Doz,70.0,80.0,75.0
125,125,Lime,2013-06-17,Kg,200.0,400.0,300.0
126,126,Pomegranate,2013-06-17,Kg,200.0,220.0,210.0
127,127,Mango(Maldah),2013-06-17,Kg,50.0,60.0,55.0
128,128,Grapes(Green),2013-06-17,Kg,250.0,260.0,255.0
129,129,Water Melon(Green),2013-06-17,Kg,14.0,16.0,15.0
130,130,Sweet Orange,2013-06-17,Kg,90.0,100.0,95.0
131,131,Pineapple,2013-06-17,1 Pc,60.0,70.0,65.0
132,132,Cucumber(Local),2013-06-17,Kg,25.0,30.0,27.5
133,133,Jack Fruit,2013-06-17,Kg,20.0,25.0,22.5
134,134,Papaya(Nepali),2013-06-17,Kg,60.0,70.0,65.0
135,135,Sugarcane,2013-06-17,1 Pc,60.0,70.0,65.0
136,136,Ginger,2013-06-17,Kg,140.0,150.0,145.0
137,137,Chilli Dry,2013-06-17,Kg,170.0,180.0,175.0
138,138,Chilli Green,2013-06-17,Kg,30.0,40.0,35.0
139,139,Capsicum,2013-06-17,Kg,55.0,60.0,57.5
140,140,Garlic Green,2013-06-17,Kg,45.0,50.0,47.5
141,141,Coriander Green,2013-06-17,Kg,90.0,100.0,95.0
142,142,Garlic Dry Chinese,2013-06-17,Kg,100.0,110.0,105.0
143,143,Garlic Dry Nepali,2013-06-17,Kg,50.0,60.0,55.0
144,144,Clive Dry,2013-06-17,Kg,70.0,80.0,75.0
145,145,Clive Green,2013-06-17,Kg,50.0,60.0,55.0
146,146,Fish Fresh,2013-06-17,Kg,210.0,220.0,215.0
147,147,Tomato Big(Nepali),2013-06-18,Kg,25.0,30.0,27.5
148,148,Tomato Small(Local),2013-06-18,Kg,22.0,26.0,24.0
149,149,Potato Red,2013-06-18,Kg,19.0,20.0,19.5
150,150,Potato White,2013-06-18,Kg,15.0,16.0,15.5
151,151,Onion Dry (Indian),2013-06-18,Kg,33.0,35.0,34.0
152,152,Carrot(Local),2013-06-18,Kg,35.0,40.0,37.5
153,153,Cabbage(Local),2013-06-18,Kg,8.0,10.0,9.0
154,154,Cauli Local,2013-06-18,Kg,25.0,30.0,27.5
155,155,Raddish Red,2013-06-18,Kg,35.0,40.0,37.5
156,156,Raddish White(Local),2013-06-18,Kg,30.0,35.0,32.5
157,157,Brinjal Long,2013-06-18,Kg,20.0,25.0,22.5
158,158,Brinjal Round,2013-06-18,Kg,25.0,30.0,27.5
159,159,Cow pea(Long),2013-06-18,Kg,25.0,30.0,27.5
160,160,Green Peas,2013-06-18,Kg,55.0,60.0,57.5
161,161,French Bean(Local),2013-06-18,Kg,30.0,35.0,32.5
162,162,Soyabean Green,2013-06-18,Kg,55.0,60.0,57.5
163,163,Bitter Gourd,2013-06-18,Kg,16.0,22.0,19.0
164,164,Bottle Gourd,2013-06-18,Kg,22.0,24.0,23.0
165,165,Pointed Gourd(Local),2013-06-18,Kg,30.0,35.0,32.5
166,166,Snake Gourd,2013-06-18,Kg,30.0,35.0,32.5
167,167,Smooth Gourd,2013-06-18,Kg,20.0,25.0,22.5
168,168,Pumpkin,2013-06-18,Kg,18.0,20.0,19.0
169,169,Squash(Long),2013-06-18,Kg,18.0,20.0,19.0
170,170,Turnip,2013-06-18,Kg,45.0,50.0,47.5
171,171,Okara,2013-06-18,Kg,20.0,25.0,22.5
172,172,Christophine,2013-06-18,Kg,40.0,45.0,42.5
173,173,Brd Leaf Mustard,2013-06-18,Kg,40.0,45.0,42.5
174,174,Spinach Leaf,2013-06-18,Kg,45.0,50.0,47.5
175,175,Cress Leaf,2013-06-18,Kg,45.0,50.0,47.5
176,176,Mustard Leaf,2013-06-18,Kg,35.0,40.0,37.5
177,177,Fenugreek Leaf,2013-06-18,Kg,40.0,45.0,42.5
178,178,Onion Green,2013-06-18,Kg,35.0,40.0,37.5
179,179,Mushroom(Kanya),2013-06-18,Kg,180.0,200.0,190.0
180,180,Asparagus,2013-06-18,Kg,100.0,120.0,110.0
181,181,Neuro,2013-06-18,Kg,50.0,60.0,55.0
182,182,Brocauli,2013-06-18,Kg,70.0,80.0,75.0
183,183,Sugarbeet,2013-06-18,Kg,35.0,40.0,37.5
184,184,Drumstick,2013-06-18,Kg,35.0,40.0,37.5
185,185,Red Cabbbage,2013-06-18,Kg,50.0,60.0,55.0
186,186,Lettuce,2013-06-18,Kg,35.0,40.0,37.5
187,187,Celery,2013-06-18,Kg,120.0,130.0,125.0
188,188,Parseley,2013-06-18,Kg,180.0,200.0,190.0
189,189,Fennel Leaf,2013-06-18,Kg,40.0,45.0,42.5
190,190,Mint,2013-06-18,Kg,120.0,130.0,125.0
191,191,Turnip A,2013-06-18,Kg,45.0,50.0,47.5
192,192,Tamarind,2013-06-18,Kg,65.0,70.0,67.5
193,193,Bamboo Shoot,2013-06-18,Kg,50.0,60.0,55.0
194,194,Tofu,2013-06-18,Kg,55.0,60.0,57.5
195,195,Gundruk,2013-06-18,Kg,180.0,190.0,185.0
196,196,Apple(Jholey),2013-06-18,Kg,110.0,120.0,115.0
197,197,Banana,2013-06-18,Doz,70.0,80.0,75.0
198,198,Lime,2013-06-18,Kg,200.0,400.0,300.0
199,199,Pomegranate,2013-06-18,Kg,200.0,220.0,210.0
200,200,Mango(Maldah),2013-06-18,Kg,50.0,60.0,55.0
201,201,Grapes(Green),2013-06-18,Kg,250.0,260.0,255.0
202,202,Water Melon(Green),2013-06-18,Kg,12.0,15.0,13.5
203,203,Sweet Orange,2013-06-18,Kg,90.0,100.0,95.0
204,204,Pineapple,2013-06-18,1 Pc,60.0,70.0,65.0
205,205,Cucumber(Local),2013-06-18,Kg,25.0,30.0,27.5
206,206,Jack Fruit,2013-06-18,Kg,20.0,25.0,22.5
207,207,Papaya(Nepali),2013-06-18,Kg,55.0,60.0,57.5
208,208,Sugarcane,2013-06-18,1 Pc,50.0,60.0,55.0
209,209,Ginger,2013-06-18,Kg,140.0,150.0,145.0
210,210,Chilli Dry,2013-06-18,Kg,170.0,180.0,175.0
211,211,Chilli Green,2013-06-18,Kg,35.0,40.0,37.5
212,212,Capsicum,2013-06-18,Kg,55.0,60.0,57.5
213,213,Garlic Green,2013-06-18,Kg,45.0,50.0,47.5
214,214,Coriander Green,2013-06-18,Kg,90.0,100.0,95.0
215,215,Garlic Dry Chinese,2013-06-18,Kg,100.0,110.0,105.0
216,216,Garlic Dry Nepali,2013-06-18,Kg,50.0,60.0,55.0
217,217,Clive Dry,2013-06-18,Kg,70.0,80.0,75.0
218,218,Clive Green,2013-06-18,Kg,50.0,60.0,55.0
219,219,Fish Fresh,2013-06-18,Kg,210.0,220.0,215.0
220,220,Tomato Big(Nepali),2013-06-19,Kg,25.0,30.0,27.5
221,221,Tomato Small(Local),2013-06-19,Kg,24.0,28.0,26.0
222,222,Potato Red,2013-06-19,Kg,20.0,21.0,20.5
223,223,Potato White,2013-06-19,Kg,15.0,16.0,15.5
224,224,Onion Dry (Indian),2013-06-19,Kg,34.0,35.0,34.5
225,225,Carrot(Local),2013-06-19,Kg,38.0,42.0,40.0
226,226,Cabbage(Local),2013-06-19,Kg,10.0,15.0,12.5
227,227,Cauli Local,2013-06-19,Kg,25.0,30.0,27.5
228,228,Raddish Red,2013-06-19,Kg,35.0,40.0,37.5
229,229,Raddish White(Local),2013-06-19,Kg,30.0,35.0,32.5
230,230,Brinjal Long,2013-06-19,Kg,22.0,26.0,24.0
231,231,Brinjal Round,2013-06-19,Kg,25.0,30.0,27.5
232,232,Cow pea(Long),2013-06-19,Kg,25.0,30.0,27.5
233,233,Green Peas,2013-06-19,Kg,55.0,60.0,57.5
234,234,French Bean(Local),2013-06-19,Kg,30.0,35.0,32.5
235,235,Soyabean Green,2013-06-19,Kg,55.0,60.0,57.5
236,236,Bitter Gourd,2013-06-19,Kg,20.0,25.0,22.5
237,237,Bottle Gourd,2013-06-19,Kg,18.0,20.0,19.0
238,238,Pointed Gourd(Local),2013-06-19,Kg,30.0,35.0,32.5
239,239,Snake Gourd,2013-06-19,Kg,25.0,30.0,27.5
240,240,Smooth Gourd,2013-06-19,Kg,20.0,25.0,22.5
241,241,Sponge Gourd,2013-06-19,Kg,40.0,45.0,42.5
242,242,Pumpkin,2013-06-19,Kg,18.0,20.0,19.0
243,243,Squash(Long),2013-06-19,Kg,15.0,20.0,17.5
244,244,Turnip,2013-06-19,Kg,45.0,50.0,47.5
245,245,Okara,2013-06-19,Kg,35.0,40.0,37.5
246,246,Christophine,2013-06-19,Kg,35.0,40.0,37.5
247,247,Brd Leaf Mustard,2013-06-19,Kg,40.0,45.0,42.5
248,248,Spinach Leaf,2013-06-19,Kg,40.0,45.0,42.5
249,249,Cress Leaf,2013-06-19,Kg,40.0,45.0,42.5
250,250,Mustard Leaf,2013-06-19,Kg,35.0,40.0,37.5
251,251,Fenugreek Leaf,2013-06-19,Kg,40.0,45.0,42.5
252,252,Onion Green,2013-06-19,Kg,40.0,45.0,42.5
253,253,Mushroom(Kanya),2013-06-19,Kg,180.0,200.0,190.0
254,254,Asparagus,2013-06-19,Kg,100.0,125.0,112.5
255,255,Neuro,2013-06-19,Kg,40.0,50.0,45.0
256,256,Brocauli,2013-06-19,Kg,70.0,80.0,75.0
257,257,Sugarbeet,2013-06-19,Kg,45.0,50.0,47.5
258,258,Red Cabbbage,2013-06-19,Kg,70.0,80.0,75.0
259,259,Lettuce,2013-06-19,Kg,55.0,60.0,57.5
260,260,Celery,2013-06-19,Kg,120.0,130.0,125.0
261,261,Parseley,2013-06-19,Kg,180.0,190.0,185.0
262,262,Fennel Leaf,2013-06-19,Kg,45.0,50.0,47.5
263,263,Mint,2013-06-19,Kg,120.0,130.0,125.0
264,264,Turnip A,2013-06-19,Kg,45.0,50.0,47.5
265,265,Tamarind,2013-06-19,Kg,65.0,70.0,67.5
266,266,Bamboo Shoot,2013-06-19,Kg,50.0,60.0,55.0
267,267,Tofu,2013-06-19,Kg,55.0,60.0,57.5
268,268,Gundruk,2013-06-19,Kg,180.0,190.0,185.0
269,269,Apple(Jholey),2013-06-19,Kg,110.0,120.0,115.0
270,270,Banana,2013-06-19,Doz,70.0,80.0,75.0
271,271,Lime,2013-06-19,Kg,200.0,400.0,300.0
272,272,Pomegranate,2013-06-19,Kg,200.0,220.0,210.0
273,273,Mango(Maldah),2013-06-19,Kg,50.0,60.0,55.0
274,274,Grapes(Green),2013-06-19,Kg,250.0,260.0,255.0
275,275,Water Melon(Green),2013-06-19,Kg,14.0,16.0,15.0
276,276,Sweet Orange,2013-06-19,Kg,90.0,100.0,95.0
277,277,Pineapple,2013-06-19,1 Pc,70.0,80.0,75.0
278,278,Cucumber(Local),2013-06-19,Kg,30.0,35.0,32.5
279,279,Jack Fruit,2013-06-19,Kg,20.0,25.0,22.5
280,280,Papaya(Nepali),2013-06-19,Kg,60.0,65.0,62.5
281,281,Sugarcane,2013-06-19,1 Pc,50.0,60.0,55.0
282,282,Ginger,2013-06-19,Kg,140.0,150.0,145.0
283,283,Chilli Dry,2013-06-19,Kg,170.0,180.0,175.0
284,284,Chilli Green,2013-06-19,Kg,35.0,40.0,37.5
285,285,Capsicum,2013-06-19,Kg,55.0,60.0,57.5
286,286,Garlic Green,2013-06-19,Kg,45.0,50.0,47.5
287,287,Coriander Green,2013-06-19,Kg,90.0,100.0,95.0
288,288,Garlic Dry Chinese,2013-06-19,Kg,100.0,110.0,105.0
289,289,Garlic Dry Nepali,2013-06-19,Kg,50.0,60.0,55.0
290,290,Clive Dry,2013-06-19,Kg,70.0,80.0,75.0
291,291,Clive Green,2013-06-19,Kg,50.0,60.0,55.0
292,292,Fish Fresh,2013-06-19,Kg,210.0,220.0,215.0
293,293,Tomato Big(Nepali),2013-06-20,Kg,25.0,30.0,27.5
294,294,Tomato Small(Local),2013-06-20,Kg,22.0,26.0,24.0
295,295,Potato Red,2013-06-20,Kg,20.0,21.0,20.5
296,296,Potato White,2013-06-20,Kg,15.0,16.0,15.5
297,297,Onion Dry (Indian),2013-06-20,Kg,35.0,36.0,35.5
298,298,Carrot(Local),2013-06-20,Kg,40.0,42.0,41.0
299,299,Cabbage(Local),2013-06-20,Kg,10.0,15.0,12.5
300,300,Cauli Local,2013-06-20,Kg,20.0,25.0,22.5
301,301,Raddish Red,2013-06-20,Kg,35.0,40.0,37.5
302,302,Raddish White(Local),2013-06-20,Kg,28.0,32.0,30.0
303,303,Brinjal Long,2013-06-20,Kg,20.0,25.0,22.5
304,304,Brinjal Round,2013-06-20,Kg,25.0,30.0,27.5
305,305,Cow pea(Long),2013-06-20,Kg,30.0,35.0,32.5
306,306,Green Peas,2013-06-20,Kg,55.0,60.0,57.5
307,307,French Bean(Local),2013-06-20,Kg,30.0,40.0,35.0
308,308,Soyabean Green,2013-06-20,Kg,50.0,55.0,52.5
309,309,Bitter Gourd,2013-06-20,Kg,20.0,25.0,22.5
310,310,Bottle Gourd,2013-06-20,Kg,20.0,25.0,22.5
311,311,Pointed Gourd(Local),2013-06-20,Kg,30.0,35.0,32.5
312,312,Snake Gourd,2013-06-20,Kg,30.0,35.0,32.5
313,313,Smooth Gourd,2013-06-20,Kg,20.0,25.0,22.5
314,314,Sponge Gourd,2013-06-20,Kg,45.0,50.0,47.5
315,315,Pumpkin,2013-06-20,Kg,18.0,20.0,19.0
316,316,Squash(Long),2013-06-20,Kg,15.0,20.0,17.5
317,317,Turnip,2013-06-20,Kg,40.0,45.0,42.5
318,318,Okara,2013-06-20,Kg,35.0,40.0,37.5
319,319,Christophine,2013-06-20,Kg,35.0,40.0,37.5
320,320,Brd Leaf Mustard,2013-06-20,Kg,40.0,45.0,42.5
321,321,Spinach Leaf,2013-06-20,Kg,45.0,50.0,47.5
322,322,Cress Leaf,2013-06-20,Kg,45.0,50.0,47.5
323,323,Mustard Leaf,2013-06-20,Kg,35.0,40.0,37.5
324,324,Fenugreek Leaf,2013-06-20,Kg,45.0,50.0,47.5
325,325,Onion Green,2013-06-20,Kg,35.0,40.0,37.5
326,326,Mushroom(Kanya),2013-06-20,Kg,200.0,220.0,210.0
327,327,Asparagus,2013-06-20,Kg,100.0,120.0,110.0
328,328,Neuro,2013-06-20,Kg,50.0,60.0,55.0
329,329,Brocauli,2013-06-20,Kg,70.0,80.0,75.0
330,330,Sugarbeet,2013-06-20,Kg,35.0,40.0,37.5
331,331,Drumstick,2013-06-20,Kg,45.0,50.0,47.5
332,332,Red Cabbbage,2013-06-20,Kg,70.0,80.0,75.0
333,333,Lettuce,2013-06-20,Kg,45.0,50.0,47.5
334,334,Celery,2013-06-20,Kg,120.0,130.0,125.0
335,335,Parseley,2013-06-20,Kg,170.0,180.0,175.0
336,336,Fennel Leaf,2013-06-20,Kg,45.0,50.0,47.5
337,337,Mint,2013-06-20,Kg,120.0,130.0,125.0
338,338,Turnip A,2013-06-20,Kg,50.0,60.0,55.0
339,339,Tamarind,2013-06-20,Kg,65.0,70.0,67.5
340,340,Bamboo Shoot,2013-06-20,Kg,50.0,60.0,55.0
341,341,Tofu,2013-06-20,Kg,55.0,60.0,57.5
342,342,Gundruk,2013-06-20,Kg,180.0,190.0,185.0
343,343,Apple(Jholey),2013-06-20,Kg,110.0,120.0,115.0
344,344,Banana,2013-06-20,Doz,70.0,80.0,75.0
345,345,Lime,2013-06-20,Kg,200.0,400.0,300.0
346,346,Pomegranate,2013-06-20,Kg,190.0,200.0,195.0
347,347,Mango(Maldah),2013-06-20,Kg,50.0,60.0,55.0
348,348,Grapes(Green),2013-06-20,Kg,250.0,260.0,255.0
349,349,Water Melon(Green),2013-06-20,Kg,14.0,16.0,15.0
350,350,Sweet Orange,2013-06-20,Kg,90.0,100.0,95.0
351,351,Pineapple,2013-06-20,1 Pc,60.0,70.0,65.0
352,352,Cucumber(Local),2013-06-20,Kg,30.0,35.0,32.5
353,353,Jack Fruit,2013-06-20,Kg,20.0,25.0,22.5
354,354,Papaya(Nepali),2013-06-20,Kg,55.0,55.0,55.0
355,355,Sugarcane,2013-06-20,1 Pc,50.0,60.0,55.0
356,356,Ginger,2013-06-20,Kg,140.0,150.0,145.0
357,357,Chilli Dry,2013-06-20,Kg,170.0,180.0,175.0
358,358,Chilli Green,2013-06-20,Kg,40.0,50.0,45.0
359,359,Capsicum,2013-06-20,Kg,50.0,55.0,52.5
360,360,Garlic Green,2013-06-20,Kg,40.0,45.0,42.5
361,361,Coriander Green,2013-06-20,Kg,50.0,60.0,55.0
362,362,Garlic Dry Chinese,2013-06-20,Kg,100.0,110.0,105.0
363,363,Garlic Dry Nepali,2013-06-20,Kg,50.0,60.0,55.0
364,364,Clive Dry,2013-06-20,Kg,70.0,80.0,75.0
365,365,Clive Green,2013-06-20,Kg,70.0,80.0,75.0
366,366,Fish Fresh,2013-06-20,Kg,210.0,220.0,215.0
367,367,Tomato Big(Nepali),2013-06-21,Kg,25.0,30.0,27.5
368,368,Tomato Small(Local),2013-06-21,Kg,15.0,20.0,17.5
369,369,Potato Red,2013-06-21,Kg,21.0,22.0,21.5
370,370,Potato White,2013-06-21,Kg,16.0,17.0,16.5
371,371,Onion Dry (Indian),2013-06-21,Kg,34.0,35.0,34.5
372,372,Carrot(Local),2013-06-21,Kg,40.0,45.0,42.5
373,373,Cabbage(Local),2013-06-21,Kg,8.0,12.0,10.0
374,374,Cauli Local,2013-06-21,Kg,20.0,24.0,22.0
375,375,Raddish Red,2013-06-21,Kg,35.0,40.0,37.5
376,376,Raddish White(Local),2013-06-21,Kg,25.0,30.0,27.5
377,377,Brinjal Long,2013-06-21,Kg,18.0,22.0,20.0
378,378,Brinjal Round,2013-06-21,Kg,25.0,30.0,27.5
379,379,Cow pea(Long),2013-06-21,Kg,30.0,35.0,32.5
380,380,Green Peas,2013-06-21,Kg,55.0,60.0,57.5
381,381,French Bean(Local),2013-06-21,Kg,35.0,40.0,37.5
382,382,Soyabean Green,2013-06-21,Kg,55.0,60.0,57.5
383,383,Bitter Gourd,2013-06-21,Kg,18.0,22.0,20.0
384,384,Bottle Gourd,2013-06-21,Kg,20.0,22.0,21.0
385,385,Pointed Gourd(Local),2013-06-21,Kg,30.0,35.0,32.5
386,386,Snake Gourd,2013-06-21,Kg,35.0,40.0,37.5
387,387,Smooth Gourd,2013-06-21,Kg,18.0,22.0,20.0
388,388,Sponge Gourd,2013-06-21,Kg,45.0,50.0,47.5
389,389,Pumpkin,2013-06-21,Kg,18.0,20.0,19.0
390,390,Squash(Long),2013-06-21,Kg,18.0,20.0,19.0
391,391,Turnip,2013-06-21,Kg,45.0,50.0,47.5
392,392,Okara,2013-06-21,Kg,45.0,55.0,50.0
393,393,Christophine,2013-06-21,Kg,35.0,40.0,37.5
394,394,Brd Leaf Mustard,2013-06-21,Kg,45.0,50.0,47.5
395,395,Spinach Leaf,2013-06-21,Kg,45.0,50.0,47.5
396,396,Cress Leaf,2013-06-21,Kg,45.0,50.0,47.5
397,397,Mustard Leaf,2013-06-21,Kg,35.0,40.0,37.5
398,398,Fenugreek Leaf,2013-06-21,Kg,45.0,50.0,47.5
399,399,Onion Green,2013-06-21,Kg,35.0,40.0,37.5
400,400,Mushroom(Kanya),2013-06-21,Kg,180.0,200.0,190.0
401,401,Asparagus,2013-06-21,Kg,100.0,120.0,110.0
402,402,Neuro,2013-06-21,Kg,50.0,60.0,55.0
403,403,Brocauli,2013-06-21,Kg,70.0,80.0,75.0
404,404,Sugarbeet,2013-06-21,Kg,35.0,40.0,37.5
405,405,Drumstick,2013-06-21,Kg,45.0,50.0,47.5
406,406,Red Cabbbage,2013-06-21,Kg,70.0,80.0,75.0
407,407,Lettuce,2013-06-21,Kg,40.0,45.0,42.5
408,408,Celery,2013-06-21,Kg,120.0,130.0,125.0
409,409,Parseley,2013-06-21,Kg,180.0,190.0,185.0
410,410,Fennel Leaf,2013-06-21,Kg,45.0,50.0,47.5
411,411,Mint,2013-06-21,Kg,120.0,130.0,125.0
412,412,Turnip A,2013-06-21,Kg,45.0,50.0,47.5
413,413,Tamarind,2013-06-21,Kg,65.0,70.0,67.5
414,414,Bamboo Shoot,2013-06-21,Kg,50.0,60.0,55.0
415,415,Tofu,2013-06-21,Kg,55.0,60.0,57.5
416,416,Gundruk,2013-06-21,Kg,180.0,190.0,185.0
417,417,Apple(Jholey),2013-06-21,Kg,110.0,120.0,115.0
418,418,Banana,2013-06-21,Doz,70.0,80.0,75.0
419,419,Lime,2013-06-21,Kg,200.0,400.0,300.0
420,420,Pomegranate,2013-06-21,Kg,200.0,210.0,205.0
421,421,Mango(Maldah),2013-06-21,Kg,40.0,50.0,45.0
422,422,Grapes(Green),2013-06-21,Kg,250.0,260.0,255.0
423,423,Water Melon(Green),2013-06-21,Kg,16.0,18.0,17.0
424,424,Sweet Orange,2013-06-21,Kg,90.0,100.0,95.0
425,425,Pineapple,2013-06-21,1 Pc,60.0,70.0,65.0
426,426,Cucumber(Local),2013-06-21,Kg,25.0,30.0,27.5
427,427,Jack Fruit,2013-06-21,Kg,15.0,20.0,17.5
428,428,Papaya(Nepali),2013-06-21,Kg,55.0,60.0,57.5
429,429,Sugarcane,2013-06-21,1 Pc,50.0,60.0,55.0
430,430,Ginger,2013-06-21,Kg,130.0,140.0,135.0
431,431,Chilli Dry,2013-06-21,Kg,170.0,180.0,175.0
432,432,Chilli Green,2013-06-21,Kg,50.0,60.0,55.0
433,433,Capsicum,2013-06-21,Kg,50.0,55.0,52.5
434,434,Garlic Green,2013-06-21,Kg,45.0,50.0,47.5
435,435,Coriander Green,2013-06-21,Kg,50.0,70.0,60.0
436,436,Garlic Dry Chinese,2013-06-21,Kg,100.0,110.0,105.0
437,437,Garlic Dry Nepali,2013-06-21,Kg,50.0,60.0,55.0
438,438,Clive Dry,2013-06-21,Kg,70.0,80.0,75.0
439,439,Clive Green,2013-06-21,Kg,50.0,60.0,55.0
440,440,Fish Fresh,2013-06-21,Kg,210.0,220.0,215.0
441,441,Tomato Big(Nepali),2013-06-25,Kg,30.0,35.0,32.5
442,442,Tomato Small(Local),2013-06-25,Kg,25.0,30.0,27.5
443,443,Potato Red,2013-06-25,Kg,23.0,25.0,24.0
444,444,Potato White,2013-06-25,Kg,17.0,18.0,17.5
445,445,Onion Dry (Indian),2013-06-25,Kg,33.0,35.0,34.0
446,446,Carrot(Local),2013-06-25,Kg,40.0,45.0,42.5
447,447,Cabbage(Local),2013-06-25,Kg,10.0,15.0,12.5
448,448,Cauli Local,2013-06-25,Kg,20.0,25.0,22.5
449,449,Raddish Red,2013-06-25,Kg,40.0,45.0,42.5
450,450,Raddish White(Local),2013-06-25,Kg,20.0,25.0,22.5
451,451,Brinjal Long,2013-06-25,Kg,35.0,40.0,37.5
452,452,Brinjal Round,2013-06-25,Kg,30.0,35.0,32.5
453,453,Cow pea(Long),2013-06-25,Kg,40.0,45.0,42.5
454,454,Green Peas,2013-06-25,Kg,55.0,60.0,57.5
455,455,French Bean(Local),2013-06-25,Kg,35.0,40.0,37.5
456,456,Soyabean Green,2013-06-25,Kg,50.0,55.0,52.5
457,457,Bitter Gourd,2013-06-25,Kg,25.0,30.0,27.5
458,458,Bottle Gourd,2013-06-25,Kg,30.0,35.0,32.5
459,459,Pointed Gourd(Local),2013-06-25,Kg,35.0,40.0,37.5
460,460,Snake Gourd,2013-06-25,Kg,30.0,35.0,32.5
461,461,Smooth Gourd,2013-06-25,Kg,25.0,30.0,27.5
462,462,Sponge Gourd,2013-06-25,Kg,45.0,50.0,47.5
463,463,Pumpkin,2013-06-25,Kg,18.0,20.0,19.0
464,464,Squash(Long),2013-06-25,Kg,15.0,20.0,17.5
465,465,Okara,2013-06-25,Kg,40.0,45.0,42.5
466,466,Arum,2013-06-25,Kg,28.0,32.0,30.0
467,467,Christophine,2013-06-25,Kg,35.0,40.0,37.5
468,468,Brd Leaf Mustard,2013-06-25,Kg,40.0,45.0,42.5
469,469,Spinach Leaf,2013-06-25,Kg,45.0,50.0,47.5
470,470,Cress Leaf,2013-06-25,Kg,45.0,50.0,47.5
471,471,Mustard Leaf,2013-06-25,Kg,35.0,40.0,37.5
472,472,Fenugreek Leaf,2013-06-25,Kg,40.0,45.0,42.5
473,473,Onion Green,2013-06-25,Kg,40.0,45.0,42.5
474,474,Mushroom(Kanya),2013-06-25,Kg,150.0,170.0,160.0
475,475,Asparagus,2013-06-25,Kg,100.0,125.0,112.5
476,476,Neuro,2013-06-25,Kg,50.0,60.0,55.0
477,477,Brocauli,2013-06-25,Kg,70.0,80.0,75.0
478,478,Sugarbeet,2013-06-25,Kg,35.0,40.0,37.5
479,479,Red Cabbbage,2013-06-25,Kg,70.0,80.0,75.0
480,480,Lettuce,2013-06-25,Kg,45.0,50.0,47.5
481,481,Celery,2013-06-25,Kg,120.0,130.0,125.0
482,482,Parseley,2013-06-25,Kg,180.0,190.0,185.0
483,483,Fennel Leaf,2013-06-25,Kg,45.0,50.0,47.5
484,484,Mint,2013-06-25,Kg,120.0,130.0,125.0
485,485,Turnip A,2013-06-25,Kg,45.0,50.0,47.5
486,486,Tamarind,2013-06-25,Kg,65.0,70.0,67.5
487,487,Bamboo Shoot,2013-06-25,Kg,50.0,60.0,55.0
488,488,Tofu,2013-06-25,Kg,55.0,60.0,57.5
489,489,Gundruk,2013-06-25,Kg,180.0,190.0,185.0
490,490,Apple(Jholey),2013-06-25,Kg,110.0,130.0,120.0
491,491,Banana,2013-06-25,Doz,60.0,70.0,65.0
492,492,Lime,2013-06-25,Kg,200.0,400.0,300.0
493,493,Pomegranate,2013-06-25,Kg,230.0,250.0,240.0
494,494,Mango(Maldah),2013-06-25,Kg,50.0,60.0,55.0
495,495,Grapes(Green),2013-06-25,Kg,250.0,260.0,255.0
496,496,Water Melon(Green),2013-06-25,Kg,17.0,18.0,17.5
497,497,Sweet Orange,2013-06-25,Kg,90.0,100.0,95.0
498,498,Pineapple,2013-06-25,1 Pc,60.0,70.0,65.0
499,499,Cucumber(Local),2013-06-25,Kg,25.0,30.0,27.5
500,500,Jack Fruit,2013-06-25,Kg,20.0,25.0,22.5
501,501,Papaya(Nepali),2013-06-25,Kg,55.0,60.0,57.5
502,502,Sugarcane,2013-06-25,1 Pc,50.0,60.0,55.0
503,503,Ginger,2013-06-25,Kg,140.0,150.0,145.0
504,504,Chilli Dry,2013-06-25,Kg,170.0,180.0,175.0
505,505,Chilli Green,2013-06-25,Kg,30.0,40.0,35.0
506,506,Capsicum,2013-06-25,Kg,70.0,80.0,75.0
507,507,Garlic Green,2013-06-25,Kg,45.0,50.0,47.5
508,508,Coriander Green,2013-06-25,Kg,45.0,50.0,47.5
509,509,Garlic Dry Chinese,2013-06-25,Kg,100.0,110.0,105.0
510,510,Garlic Dry Nepali,2013-06-25,Kg,50.0,60.0,55.0
511,511,Clive Dry,2013-06-25,Kg,70.0,80.0,75.0
512,512,Clive Green,2013-06-25,Kg,50.0,60.0,55.0
513,513,Fish Fresh,2013-06-25,Kg,210.0,220.0,215.0
514,514,Tomato Big(Nepali),2013-06-26,Kg,30.0,35.0,32.5
515,515,Tomato Small(Local),2013-06-26,Kg,20.0,25.0,22.5
516,516,Potato Red,2013-06-26,Kg,22.0,23.0,22.5
517,517,Potato White,2013-06-26,Kg,17.0,18.0,17.5
518,518,Onion Dry (Indian),2013-06-26,Kg,33.0,35.0,34.0
519,519,Carrot(Local),2013-06-26,Kg,35.0,40.0,37.5
520,520,Cabbage(Local),2013-06-26,Kg,10.0,15.0,12.5
521,521,Cauli Local,2013-06-26,Kg,18.0,22.0,20.0
522,522,Raddish Red,2013-06-26,Kg,35.0,40.0,37.5
523,523,Raddish White(Local),2013-06-26,Kg,20.0,25.0,22.5
524,524,Brinjal Long,2013-06-26,Kg,30.0,35.0,32.5
525,525,Cow pea(Long),2013-06-26,Kg,30.0,35.0,32.5
526,526,Green Peas,2013-06-26,Kg,55.0,60.0,57.5
527,527,French Bean(Local),2013-06-26,Kg,35.0,40.0,37.5
528,528,Soyabean Green,2013-06-26,Kg,45.0,50.0,47.5
529,529,Bitter Gourd,2013-06-26,Kg,20.0,30.0,25.0
530,530,Bottle Gourd,2013-06-26,Kg,30.0,32.0,31.0
531,531,Pointed Gourd(Local),2013-06-26,Kg,35.0,40.0,37.5
532,532,Snake Gourd,2013-06-26,Kg,30.0,35.0,32.5
533,533,Smooth Gourd,2013-06-26,Kg,20.0,25.0,22.5
534,534,Sponge Gourd,2013-06-26,Kg,45.0,50.0,47.5
535,535,Pumpkin,2013-06-26,Kg,16.0,20.0,18.0
536,536,Squash(Long),2013-06-26,Kg,20.0,25.0,22.5
537,537,Turnip,2013-06-26,Kg,45.0,50.0,47.5
538,538,Okara,2013-06-26,Kg,35.0,40.0,37.5
539,539,Arum,2013-06-26,Kg,30.0,35.0,32.5
540,540,Christophine,2013-06-26,Kg,35.0,40.0,37.5
541,541,Brd Leaf Mustard,2013-06-26,Kg,40.0,45.0,42.5
542,542,Spinach Leaf,2013-06-26,Kg,45.0,50.0,47.5
543,543,Cress Leaf,2013-06-26,Kg,45.0,50.0,47.5
544,544,Mustard Leaf,2013-06-26,Kg,35.0,40.0,37.5
545,545,Fenugreek Leaf,2013-06-26,Kg,45.0,50.0,47.5
546,546,Onion Green,2013-06-26,Kg,35.0,40.0,37.5
547,547,Mushroom(Kanya),2013-06-26,Kg,150.0,160.0,155.0
548,548,Asparagus,2013-06-26,Kg,100.0,130.0,115.0
549,549,Neuro,2013-06-26,Kg,40.0,50.0,45.0
550,550,Brocauli,2013-06-26,Kg,70.0,80.0,75.0
551,551,Sugarbeet,2013-06-26,Kg,35.0,40.0,37.5
552,552,Red Cabbbage,2013-06-26,Kg,70.0,80.0,75.0
553,553,Lettuce,2013-06-26,Kg,40.0,50.0,45.0
554,554,Celery,2013-06-26,Kg,120.0,130.0,125.0
555,555,Parseley,2013-06-26,Kg,170.0,180.0,175.0
556,556,Fennel Leaf,2013-06-26,Kg,45.0,50.0,47.5
557,557,Mint,2013-06-26,Kg,120.0,130.0,125.0
558,558,Turnip A,2013-06-26,Kg,45.0,50.0,47.5
559,559,Tamarind,2013-06-26,Kg,65.0,70.0,67.5
560,560,Bamboo Shoot,2013-06-26,Kg,50.0,60.0,55.0
561,561,Tofu,2013-06-26,Kg,55.0,60.0,57.5
562,562,Gundruk,2013-06-26,Kg,180.0,190.0,185.0
563,563,Apple(Jholey),2013-06-26,Kg,110.0,130.0,120.0
564,564,Banana,2013-06-26,Doz,60.0,70.0,65.0
565,565,Lime,2013-06-26,Kg,200.0,400.0,300.0
566,566,Pomegranate,2013-06-26,Kg,220.0,240.0,230.0
567,567,Mango(Maldah),2013-06-26,Kg,50.0,60.0,55.0
568,568,Grapes(Green),2013-06-26,Kg,250.0,260.0,255.0
569,569,Water Melon(Green),2013-06-26,Kg,15.0,18.0,16.5
570,570,Sweet Orange,2013-06-26,Kg,90.0,100.0,95.0
571,571,Pineapple,2013-06-26,1 Pc,60.0,70.0,65.0
572,572,Cucumber(Local),2013-06-26,Kg,30.0,35.0,32.5
573,573,Jack Fruit,2013-06-26,Kg,20.0,25.0,22.5
574,574,Papaya(Nepali),2013-06-26,Kg,50.0,60.0,55.0
575,575,Sugarcane,2013-06-26,1 Pc,50.0,60.0,55.0
576,576,Ginger,2013-06-26,Kg,130.0,140.0,135.0
577,577,Chilli Dry,2013-06-26,Kg,170.0,180.0,175.0
578,578,Chilli Green,2013-06-26,Kg,25.0,30.0,27.5
579,579,Capsicum,2013-06-26,Kg,90.0,100.0,95.0
580,580,Garlic Green,2013-06-26,Kg,45.0,50.0,47.5
581,581,Coriander Green,2013-06-26,Kg,40.0,50.0,45.0
582,582,Garlic Dry Chinese,2013-06-26,Kg,95.0,100.0,97.5
583,583,Garlic Dry Nepali,2013-06-26,Kg,50.0,60.0,55.0
584,584,Clive Dry,2013-06-26,Kg,70.0,80.0,75.0
585,585,Clive Green,2013-06-26,Kg,50.0,60.0,55.0
586,586,Fish Fresh,2013-06-26,Kg,210.0,220.0,215.0
587,587,Tomato Big(Nepali),2013-06-27,Kg,30.0,35.0,32.5
588,588,Tomato Small(Local),2013-06-27,Kg,18.0,24.0,21.0
589,589,Potato Red,2013-06-27,Kg,22.0,24.0,23.0
590,590,Potato White,2013-06-27,Kg,19.0,20.0,19.5
591,591,Onion Dry (Indian),2013-06-27,Kg,35.0,37.0,36.0
592,592,Carrot(Local),2013-06-27,Kg,40.0,42.0,41.0
593,593,Cabbage(Local),2013-06-27,Kg,10.0,14.0,12.0
594,594,Cauli Local,2013-06-27,Kg,25.0,30.0,27.5
595,595,Raddish Red,2013-06-27,Kg,35.0,40.0,37.5
596,596,Raddish White(Local),2013-06-27,Kg,20.0,25.0,22.5
597,597,Brinjal Long,2013-06-27,Kg,35.0,40.0,37.5
598,598,Brinjal Round,2013-06-27,Kg,35.0,40.0,37.5
599,599,Cow pea(Long),2013-06-27,Kg,35.0,40.0,37.5
600,600,French Bean(Local),2013-06-27,Kg,38.0,42.0,40.0
601,601,Soyabean Green,2013-06-27,Kg,45.0,50.0,47.5
602,602,Bitter Gourd,2013-06-27,Kg,25.0,30.0,27.5
603,603,Bottle Gourd,2013-06-27,Kg,28.0,32.0,30.0
604,604,Pointed Gourd(Local),2013-06-27,Kg,35.0,40.0,37.5
605,605,Snake Gourd,2013-06-27,Kg,35.0,40.0,37.5
606,606,Smooth Gourd,2013-06-27,Kg,20.0,25.0,22.5
607,607,Sponge Gourd,2013-06-27,Kg,4.0,45.0,24.5
608,608,Pumpkin,2013-06-27,Kg,16.0,18.0,17.0
609,609,Squash(Long),2013-06-27,Kg,20.0,24.0,22.0
610,610,Turnip,2013-06-27,Kg,25.0,30.0,27.5
611,611,Okara,2013-06-27,Kg,35.0,40.0,37.5
612,612,Arum,2013-06-27,Kg,35.0,40.0,37.5
613,613,Christophine,2013-06-27,Kg,38.0,40.0,39.0
614,614,Brd Leaf Mustard,2013-06-27,Kg,35.0,40.0,37.5
615,615,Spinach Leaf,2013-06-27,Kg,40.0,45.0,42.5
616,616,Cress Leaf,2013-06-27,Kg,40.0,45.0,42.5
617,617,Mustard Leaf,2013-06-27,Kg,35.0,40.0,37.5
618,618,Fenugreek Leaf,2013-06-27,Kg,40.0,45.0,42.5
619,619,Onion Green,2013-06-27,Kg,40.0,45.0,42.5
620,620,Mushroom(Kanya),2013-06-27,Kg,170.0,180.0,175.0
621,621,Asparagus,2013-06-27,Kg,100.0,125.0,112.5
622,622,Neuro,2013-06-27,Kg,50.0,60.0,55.0
623,623,Sugarbeet,2013-06-27,Kg,35.0,40.0,37.5
624,624,Red Cabbbage,2013-06-27,Kg,70.0,80.0,75.0
625,625,Lettuce,2013-06-27,Kg,45.0,50.0,47.5
626,626,Celery,2013-06-27,Kg,120.0,130.0,125.0
627,627,Parseley,2013-06-27,Kg,170.0,180.0,175.0
628,628,Fennel Leaf,2013-06-27,Kg,45.0,50.0,47.5
629,629,Mint,2013-06-27,Kg,120.0,130.0,125.0
630,630,Turnip A,2013-06-27,Kg,40.0,45.0,42.5
631,631,Tamarind,2013-06-27,Kg,65.0,70.0,67.5
632,632,Bamboo Shoot,2013-06-27,Kg,50.0,60.0,55.0
633,633,Tofu,2013-06-27,Kg,55.0,60.0,57.5
634,634,Gundruk,2013-06-27,Kg,180.0,190.0,185.0
635,635,Apple(Jholey),2013-06-27,Kg,110.0,120.0,115.0
636,636,Banana,2013-06-27,Doz,50.0,60.0,55.0
637,637,Lime,2013-06-27,Kg,200.0,400.0,300.0
638,638,Pomegranate,2013-06-27,Kg,220.0,240.0,230.0
639,639,Mango(Maldah),2013-06-27,Kg,50.0,60.0,55.0
640,640,Grapes(Green),2013-06-27,Kg,250.0,260.0,255.0
641,641,Water Melon(Green),2013-06-27,Kg,18.0,20.0,19.0
642,642,Sweet Orange,2013-06-27,Kg,90.0,100.0,95.0
643,643,Pineapple,2013-06-27,1 Pc,60.0,70.0,65.0
644,644,Cucumber(Local),2013-06-27,Kg,30.0,35.0,32.5
645,645,Jack Fruit,2013-06-27,Kg,18.0,20.0,19.0
646,646,Papaya(Nepali),2013-06-27,Kg,55.0,60.0,57.5
647,647,Sugarcane,2013-06-27,1 Pc,50.0,60.0,55.0
648,648,Ginger,2013-06-27,Kg,130.0,140.0,135.0
649,649,Chilli Dry,2013-06-27,Kg,170.0,180.0,175.0
650,650,Chilli Green,2013-06-27,Kg,25.0,30.0,27.5
651,651,Capsicum,2013-06-27,Kg,90.0,100.0,95.0
652,652,Garlic Green,2013-06-27,Kg,45.0,50.0,47.5
653,653,Coriander Green,2013-06-27,Kg,30.0,40.0,35.0
654,654,Garlic Dry Chinese,2013-06-27,Kg,90.0,100.0,95.0
655,655,Garlic Dry Nepali,2013-06-27,Kg,50.0,60.0,55.0
656,656,Clive Dry,2013-06-27,Kg,70.0,80.0,75.0
657,657,Clive Green,2013-06-27,Kg,50.0,60.0,55.0
658,658,Fish Fresh,2013-06-27,Kg,210.0,220.0,215.0
659,659,Tomato Big(Nepali),2013-06-28,Kg,30.0,35.0,32.5
660,660,Tomato Small(Local),2013-06-28,Kg,24.0,28.0,26.0
661,661,Potato Red,2013-06-28,Kg,23.0,24.0,23.5
662,662,Potato White,2013-06-28,Kg,19.0,20.0,19.5
663,663,Onion Dry (Indian),2013-06-28,Kg,36.0,38.0,37.0
664,664,Carrot(Local),2013-06-28,Kg,40.0,42.0,41.0
665,665,Cabbage(Local),2013-06-28,Kg,10.0,14.0,12.0
666,666,Cauli Local,2013-06-28,Kg,25.0,30.0,27.5
667,667,Raddish Red,2013-06-28,Kg,35.0,40.0,37.5
668,668,Raddish White(Local),2013-06-28,Kg,25.0,30.0,27.5
669,669,Brinjal Long,2013-06-28,Kg,35.0,40.0,37.5
670,670,Cow pea(Long),2013-06-28,Kg,40.0,50.0,45.0
671,671,French Bean(Local),2013-06-28,Kg,35.0,40.0,37.5
672,672,Soyabean Green,2013-06-28,Kg,40.0,45.0,42.5
673,673,Bitter Gourd,2013-06-28,Kg,25.0,30.0,27.5
674,674,Bottle Gourd,2013-06-28,Kg,25.0,30.0,27.5
675,675,Pointed Gourd(Local),2013-06-28,Kg,35.0,40.0,37.5
676,676,Snake Gourd,2013-06-28,Kg,28.0,32.0,30.0
677,677,Smooth Gourd,2013-06-28,Kg,25.0,30.0,27.5
678,678,Sponge Gourd,2013-06-28,Kg,40.0,45.0,42.5
679,679,Pumpkin,2013-06-28,Kg,16.0,20.0,18.0
680,680,Squash(Long),2013-06-28,Kg,18.0,22.0,20.0
681,681,Okara,2013-06-28,Kg,35.0,40.0,37.5
682,682,Arum,2013-06-28,Kg,35.0,40.0,37.5
683,683,Christophine,2013-06-28,Kg,35.0,40.0,37.5
684,684,Brd Leaf Mustard,2013-06-28,Kg,35.0,40.0,37.5
685,685,Spinach Leaf,2013-06-28,Kg,40.0,45.0,42.5
686,686,Cress Leaf,2013-06-28,Kg,40.0,45.0,42.5
687,687,Mustard Leaf,2013-06-28,Kg,35.0,40.0,37.5
688,688,Fenugreek Leaf,2013-06-28,Kg,40.0,45.0,42.5
689,689,Onion Green,2013-06-28,Kg,35.0,40.0,37.5
690,690,Mushroom(Kanya),2013-06-28,Kg,150.0,170.0,160.0
691,691,Asparagus,2013-06-28,Kg,100.0,125.0,112.5
692,692,Neuro,2013-06-28,Kg,50.0,60.0,55.0
693,693,Sugarbeet,2013-06-28,Kg,35.0,40.0,37.5
694,694,Red Cabbbage,2013-06-28,Kg,70.0,80.0,75.0
695,695,Lettuce,2013-06-28,Kg,45.0,50.0,47.5
696,696,Celery,2013-06-28,Kg,120.0,130.0,125.0
697,697,Parseley,2013-06-28,Kg,170.0,180.0,175.0
698,698,Fennel Leaf,2013-06-28,Kg,45.0,50.0,47.5
699,699,Mint,2013-06-28,Kg,120.0,130.0,125.0
700,700,Turnip A,2013-06-28,Kg,45.0,50.0,47.5
701,701,Tamarind,2013-06-28,Kg,65.0,70.0,67.5
702,702,Bamboo Shoot,2013-06-28,Kg,60.0,70.0,65.0
703,703,Tofu,2013-06-28,Kg,55.0,60.0,57.5
704,704,Gundruk,2013-06-28,Kg,180.0,190.0,185.0
705,705,Apple(Jholey),2013-06-28,Kg,110.0,120.0,115.0
706,706,Banana,2013-06-28,Doz,50.0,60.0,55.0
707,707,Lime,2013-06-28,Kg,200.0,400.0,300.0
708,708,Pomegranate,2013-06-28,Kg,220.0,240.0,230.0
709,709,Mango(Maldah),2013-06-28,Kg,50.0,60.0,55.0
710,710,Grapes(Green),2013-06-28,Kg,250.0,260.0,255.0
711,711,Water Melon(Green),2013-06-28,Kg,18.0,20.0,19.0
712,712,Sweet Orange,2013-06-28,Kg,90.0,100.0,95.0
713,713,Pineapple,2013-06-28,1 Pc,60.0,70.0,65.0
714,714,Cucumber(Local),2013-06-28,Kg,30.0,35.0,32.5
715,715,Jack Fruit,2013-06-28,Kg,18.0,20.0,19.0
716,716,Papaya(Nepali),2013-06-28,Kg,50.0,60.0,55.0
717,717,Sugarcane,2013-06-28,1 Pc,50.0,60.0,55.0
718,718,Ginger,2013-06-28,Kg,130.0,140.0,135.0
719,719,Chilli Dry,2013-06-28,Kg,170.0,180.0,175.0
720,720,Chilli Green,2013-06-28,Kg,30.0,40.0,35.0
721,721,Capsicum,2013-06-28,Kg,90.0,100.0,95.0
722,722,Garlic Green,2013-06-28,Kg,45.0,50.0,47.5
723,723,Coriander Green,2013-06-28,Kg,50.0,70.0,60.0
724,724,Garlic Dry Chinese,2013-06-28,Kg,90.0,100.0,95.0
725,725,Garlic Dry Nepali,2013-06-28,Kg,50.0,60.0,55.0
726,726,Clive Dry,2013-06-28,Kg,70.0,80.0,75.0
727,727,Clive Green,2013-06-28,Kg,70.0,80.0,75.0
728,728,Fish Fresh,2013-06-28,Kg,210.0,220.0,215.0
729,729,Tomato Big(Nepali),2013-06-30,Kg,25.0,30.0,27.5
730,730,Tomato Small(Local),2013-06-30,Kg,18.0,22.0,20.0
731,731,Potato Red,2013-06-30,Kg,23.0,24.0,23.5
732,732,Potato White,2013-06-30,Kg,19.0,20.0,19.5
733,733,Onion Dry (Indian),2013-06-30,Kg,36.0,38.0,37.0
734,734,Carrot(Local),2013-06-30,Kg,40.0,45.0,42.5
735,735,Cabbage(Local),2013-06-30,Kg,12.0,15.0,13.5
736,736,Cauli Local,2013-06-30,Kg,30.0,40.0,35.0
737,737,Raddish Red,2013-06-30,Kg,45.0,50.0,47.5
738,738,Raddish White(Local),2013-06-30,Kg,25.0,30.0,27.5
739,739,Brinjal Long,2013-06-30,Kg,35.0,40.0,37.5
740,740,Brinjal Round,2013-06-30,Kg,40.0,45.0,42.5
741,741,Cow pea(Long),2013-06-30,Kg,40.0,45.0,42.5
742,742,French Bean(Local),2013-06-30,Kg,38.0,40.0,39.0
743,743,Soyabean Green,2013-06-30,Kg,40.0,45.0,42.5
744,744,Bitter Gourd,2013-06-30,Kg,28.0,32.0,30.0
745,745,Bottle Gourd,2013-06-30,Kg,30.0,32.0,31.0
746,746,Pointed Gourd(Local),2013-06-30,Kg,30.0,35.0,32.5
747,747,Snake Gourd,2013-06-30,Kg,28.0,30.0,29.0
748,748,Smooth Gourd,2013-06-30,Kg,25.0,30.0,27.5
749,749,Sponge Gourd,2013-06-30,Kg,40.0,45.0,42.5
750,750,Pumpkin,2013-06-30,Kg,16.0,20.0,18.0
751,751,Squash(Long),2013-06-30,Kg,15.0,18.0,16.5
752,752,Okara,2013-06-30,Kg,40.0,45.0,42.5
753,753,Arum,2013-06-30,Kg,35.0,40.0,37.5
754,754,Christophine,2013-06-30,Kg,38.0,40.0,39.0
755,755,Brd Leaf Mustard,2013-06-30,Kg,35.0,40.0,37.5
756,756,Spinach Leaf,2013-06-30,Kg,40.0,45.0,42.5
757,757,Cress Leaf,2013-06-30,Kg,35.0,40.0,37.5
758,758,Mustard Leaf,2013-06-30,Kg,35.0,40.0,37.5
759,759,Fenugreek Leaf,2013-06-30,Kg,45.0,50.0,47.5
760,760,Onion Green,2013-06-30,Kg,35.0,40.0,37.5
761,761,Mushroom(Kanya),2013-06-30,Kg,120.0,180.0,150.0
762,762,Asparagus,2013-06-30,Kg,110.0,130.0,120.0
763,763,Neuro,2013-06-30,Kg,50.0,60.0,55.0
764,764,Sugarbeet,2013-06-30,Kg,35.0,40.0,37.5
765,765,Red Cabbbage,2013-06-30,Kg,70.0,80.0,75.0
766,766,Lettuce,2013-06-30,Kg,45.0,50.0,47.5
767,767,Celery,2013-06-30,Kg,120.0,130.0,125.0
768,768,Parseley,2013-06-30,Kg,170.0,180.0,175.0
769,769,Fennel Leaf,2013-06-30,Kg,45.0,50.0,47.5
770,770,Mint,2013-06-30,Kg,120.0,130.0,125.0
771,771,Turnip A,2013-06-30,Kg,45.0,50.0,47.5
772,772,Maize,2013-06-30,1 Pc,5.0,6.0,5.5
773,773,Tamarind,2013-06-30,Kg,65.0,70.0,67.5
774,774,Bamboo Shoot,2013-06-30,Kg,60.0,70.0,65.0
775,775,Tofu,2013-06-30,Kg,55.0,60.0,57.5
776,776,Gundruk,2013-06-30,Kg,180.0,190.0,185.0
777,777,Apple(Jholey),2013-06-30,Kg,110.0,120.0,115.0
778,778,Banana,2013-06-30,Doz,40.0,50.0,45.0
779,779,Lime,2013-06-30,Kg,200.0,400.0,300.0
780,780,Pomegranate,2013-06-30,Kg,220.0,240.0,230.0
781,781,Mango(Maldah),2013-06-30,Kg,50.0,60.0,55.0
782,782,Water Melon(Green),2013-06-30,Kg,24.0,25.0,24.5
783,783,Sweet Orange,2013-06-30,Kg,100.0,110.0,105.0
784,784,Pineapple,2013-06-30,1 Pc,70.0,80.0,75.0
785,785,Cucumber(Local),2013-06-30,Kg,28.0,35.0,31.5
786,786,Jack Fruit,2013-06-30,Kg,15.0,20.0,17.5
787,787,Sweet Lime,2013-06-30,Kg,55.0,60.0,57.5
788,788,Sugarcane,2013-06-30,1 Pc,50.0,60.0,55.0
789,789,Ginger,2013-06-30,Kg,130.0,140.0,135.0
790,790,Chilli Dry,2013-06-30,Kg,170.0,180.0,175.0
791,791,Chilli Green,2013-06-30,Kg,40.0,50.0,45.0
792,792,Capsicum,2013-06-30,Kg,80.0,90.0,85.0
793,793,Garlic Green,2013-06-30,Kg,55.0,60.0,57.5
794,794,Garlic Dry Chinese,2013-06-30,Kg,90.0,100.0,95.0
795,795,Garlic Dry Nepali,2013-06-30,Kg,50.0,60.0,55.0
796,796,Clive Dry,2013-06-30,Kg,70.0,80.0,75.0
797,797,Clive Green,2013-06-30,Kg,70.0,80.0,75.0
798,798,Fish Fresh,2013-06-30,Kg,210.0,220.0,215.0
799,799,Tomato Big(Nepali),2013-07-01,Kg,25.0,30.0,27.5
800,800,Tomato Small(Local),2013-07-01,Kg,15.0,20.0,17.5
801,801,Potato Red,2013-07-01,Kg,22.0,24.0,23.0
802,802,Potato White,2013-07-01,Kg,19.0,20.0,19.5
803,803,Onion Dry (Indian),2013-07-01,Kg,37.0,38.0,37.5
804,804,Carrot(Local),2013-07-01,Kg,45.0,50.0,47.5
805,805,Cabbage(Local),2013-07-01,Kg,10.0,14.0,12.0
806,806,Cauli Local,2013-07-01,Kg,30.0,35.0,32.5
807,807,Raddish Red,2013-07-01,Kg,45.0,50.0,47.5
808,808,Raddish White(Local),2013-07-01,Kg,20.0,25.0,22.5
809,809,Brinjal Long,2013-07-01,Kg,35.0,40.0,37.5
810,810,Cow pea(Long),2013-07-01,Kg,40.0,45.0,42.5
811,811,French Bean(Local),2013-07-01,Kg,38.0,40.0,39.0
812,812,Soyabean Green,2013-07-01,Kg,38.0,40.0,39.0
813,813,Bitter Gourd,2013-07-01,Kg,25.0,30.0,27.5
814,814,Bottle Gourd,2013-07-01,Kg,30.0,35.0,32.5
815,815,Pointed Gourd(Local),2013-07-01,Kg,30.0,35.0,32.5
816,816,Snake Gourd,2013-07-01,Kg,35.0,40.0,37.5
817,817,Smooth Gourd,2013-07-01,Kg,20.0,25.0,22.5
818,818,Sponge Gourd,2013-07-01,Kg,40.0,45.0,42.5
819,819,Pumpkin,2013-07-01,Kg,16.0,20.0,18.0
820,820,Squash(Long),2013-07-01,Kg,15.0,20.0,17.5
821,821,Okara,2013-07-01,Kg,40.0,45.0,42.5
822,822,Arum,2013-07-01,Kg,28.0,32.0,30.0
823,823,Christophine,2013-07-01,Kg,40.0,42.0,41.0
824,824,Brd Leaf Mustard,2013-07-01,Kg,35.0,40.0,37.5
825,825,Spinach Leaf,2013-07-01,Kg,40.0,45.0,42.5
826,826,Cress Leaf,2013-07-01,Kg,40.0,45.0,42.5
827,827,Mustard Leaf,2013-07-01,Kg,35.0,40.0,37.5
828,828,Fenugreek Leaf,2013-07-01,Kg,40.0,45.0,42.5
829,829,Onion Green,2013-07-01,Kg,35.0,40.0,37.5
830,830,Mushroom(Kanya),2013-07-01,Kg,160.0,180.0,170.0
831,831,Asparagus,2013-07-01,Kg,120.0,130.0,125.0
832,832,Neuro,2013-07-01,Kg,50.0,60.0,55.0
833,833,Sugarbeet,2013-07-01,Kg,35.0,40.0,37.5
834,834,Red Cabbbage,2013-07-01,Kg,60.0,70.0,65.0
835,835,Lettuce,2013-07-01,Kg,50.0,60.0,55.0
836,836,Celery,2013-07-01,Kg,120.0,130.0,125.0
837,837,Parseley,2013-07-01,Kg,170.0,180.0,175.0
838,838,Fennel Leaf,2013-07-01,Kg,40.0,45.0,42.5
839,839,Mint,2013-07-01,Kg,120.0,130.0,125.0
840,840,Turnip A,2013-07-01,Kg,45.0,50.0,47.5
841,841,Maize,2013-07-01,1 Pc,5.0,7.0,6.0
842,842,Tamarind,2013-07-01,Kg,65.0,70.0,67.5
843,843,Bamboo Shoot,2013-07-01,Kg,50.0,60.0,55.0
844,844,Tofu,2013-07-01,Kg,55.0,60.0,57.5
845,845,Gundruk,2013-07-01,Kg,180.0,190.0,185.0
846,846,Apple(Jholey),2013-07-01,Kg,110.0,120.0,115.0
847,847,Banana,2013-07-01,Doz,40.0,50.0,45.0
848,848,Lime,2013-07-01,Kg,200.0,400.0,300.0
849,849,Pomegranate,2013-07-01,Kg,200.0,210.0,205.0
850,850,Mango(Maldah),2013-07-01,Kg,50.0,60.0,55.0
851,851,Grapes(Green),2013-07-01,Kg,250.0,260.0,255.0
852,852,Water Melon(Green),2013-07-01,Kg,20.0,25.0,22.5
853,853,Sweet Orange,2013-07-01,Kg,100.0,110.0,105.0
854,854,Pineapple,2013-07-01,1 Pc,60.0,70.0,65.0
855,855,Cucumber(Local),2013-07-01,Kg,25.0,30.0,27.5
856,856,Jack Fruit,2013-07-01,Kg,15.0,20.0,17.5
857,857,Papaya(Nepali),2013-07-01,Kg,55.0,60.0,57.5
858,858,Sugarcane,2013-07-01,1 Pc,50.0,60.0,55.0
859,859,Ginger,2013-07-01,Kg,140.0,150.0,145.0
860,860,Chilli Dry,2013-07-01,Kg,170.0,180.0,175.0
861,861,Chilli Green,2013-07-01,Kg,40.0,50.0,45.0
862,862,Capsicum,2013-07-01,Kg,80.0,90.0,85.0
863,863,Garlic Green,2013-07-01,Kg,40.0,45.0,42.5
864,864,Coriander Green,2013-07-01,Kg,60.0,70.0,65.0
865,865,Garlic Dry Chinese,2013-07-01,Kg,90.0,100.0,95.0
866,866,Clive Dry,2013-07-01,Kg,70.0,80.0,75.0
867,867,Clive Green,2013-07-01,Kg,50.0,60.0,55.0
868,868,Fish Fresh,2013-07-01,Kg,210.0,225.0,217.5
869,869,Tomato Big(Nepali),2013-07-02,Kg,30.0,35.0,32.5
870,870,Tomato Small(Local),2013-07-02,Kg,15.0,20.0,17.5
871,871,Potato Red,2013-07-02,Kg,23.0,24.0,23.5
872,872,Potato White,2013-07-02,Kg,18.0,20.0,19.0
873,873,Onion Dry (Indian),2013-07-02,Kg,38.0,40.0,39.0
874,874,Carrot(Local),2013-07-02,Kg,45.0,50.0,47.5
875,875,Cabbage(Local),2013-07-02,Kg,10.0,14.0,12.0
876,876,Cauli Local,2013-07-02,Kg,25.0,30.0,27.5
877,877,Raddish White(Local),2013-07-02,Kg,30.0,35.0,32.5
878,878,Brinjal Long,2013-07-02,Kg,30.0,35.0,32.5
879,879,Cow pea(Long),2013-07-02,Kg,40.0,50.0,45.0
880,880,French Bean(Local),2013-07-02,Kg,35.0,40.0,37.5
881,881,Soyabean Green,2013-07-02,Kg,35.0,40.0,37.5
882,882,Bitter Gourd,2013-07-02,Kg,25.0,30.0,27.5
883,883,Bottle Gourd,2013-07-02,Kg,35.0,40.0,37.5
884,884,Pointed Gourd(Local),2013-07-02,Kg,28.0,32.0,30.0
885,885,Snake Gourd,2013-07-02,Kg,30.0,35.0,32.5
886,886,Smooth Gourd,2013-07-02,Kg,25.0,30.0,27.5
887,887,Sponge Gourd,2013-07-02,Kg,40.0,45.0,42.5
888,888,Pumpkin,2013-07-02,Kg,16.0,20.0,18.0
889,889,Squash(Long),2013-07-02,Kg,30.0,35.0,32.5
890,890,Okara,2013-07-02,Kg,38.0,42.0,40.0
891,891,Arum,2013-07-02,Kg,28.0,30.0,29.0
892,892,Christophine,2013-07-02,Kg,40.0,45.0,42.5
893,893,Brd Leaf Mustard,2013-07-02,Kg,35.0,40.0,37.5
894,894,Spinach Leaf,2013-07-02,Kg,40.0,45.0,42.5
895,895,Cress Leaf,2013-07-02,Kg,40.0,45.0,42.5
896,896,Mustard Leaf,2013-07-02,Kg,35.0,40.0,37.5
897,897,Fenugreek Leaf,2013-07-02,Kg,40.0,45.0,42.5
898,898,Onion Green,2013-07-02,Kg,35.0,40.0,37.5
899,899,Mushroom(Kanya),2013-07-02,Kg,170.0,180.0,175.0
900,900,Asparagus,2013-07-02,Kg,120.0,130.0,125.0
901,901,Neuro,2013-07-02,Kg,50.0,60.0,55.0
902,902,Sugarbeet,2013-07-02,Kg,35.0,40.0,37.5
903,903,Red Cabbbage,2013-07-02,Kg,70.0,80.0,75.0
904,904,Lettuce,2013-07-02,Kg,45.0,50.0,47.5
905,905,Celery,2013-07-02,Kg,120.0,130.0,125.0
906,906,Parseley,2013-07-02,Kg,170.0,180.0,175.0
907,907,Fennel Leaf,2013-07-02,Kg,45.0,50.0,47.5
908,908,Mint,2013-07-02,Kg,120.0,130.0,125.0
909,909,Turnip A,2013-07-02,Kg,45.0,50.0,47.5
910,910,Tamarind,2013-07-02,Kg,70.0,80.0,75.0
911,911,Bamboo Shoot,2013-07-02,Kg,60.0,550.0,305.0
912,912,Tofu,2013-07-02,Kg,55.0,60.0,57.5
913,913,Gundruk,2013-07-02,Kg,180.0,190.0,185.0
914,914,Apple(Jholey),2013-07-02,Kg,110.0,130.0,120.0
915,915,Banana,2013-07-02,Doz,40.0,50.0,45.0
916,916,Lime,2013-07-02,Kg,200.0,400.0,300.0
917,917,Pomegranate,2013-07-02,Kg,200.0,210.0,205.0
918,918,Mango(Maldah),2013-07-02,Kg,50.0,60.0,55.0
919,919,Grapes(Green),2013-07-02,Kg,230.0,250.0,240.0
920,920,Water Melon(Green),2013-07-02,Kg,22.0,25.0,23.5
921,921,Sweet Orange,2013-07-02,Kg,90.0,100.0,95.0
922,922,Pineapple,2013-07-02,1 Pc,70.0,80.0,75.0
923,923,Cucumber(Local),2013-07-02,Kg,30.0,35.0,32.5
924,924,Jack Fruit,2013-07-02,Kg,20.0,150.0,85.0
925,925,Papaya(Nepali),2013-07-02,Kg,55.0,60.0,57.5
926,926,Sugarcane,2013-07-02,1 Pc,50.0,60.0,55.0
927,927,Ginger,2013-07-02,Kg,150.0,160.0,155.0
928,928,Chilli Dry,2013-07-02,Kg,170.0,180.0,175.0
929,929,Chilli Green,2013-07-02,Kg,28.0,30.0,29.0
930,930,Capsicum,2013-07-02,Kg,80.0,90.0,85.0
931,931,Garlic Green,2013-07-02,Kg,35.0,40.0,37.5
932,932,Coriander Green,2013-07-02,Kg,60.0,70.0,65.0
933,933,Garlic Dry Chinese,2013-07-02,Kg,90.0,100.0,95.0
934,934,Garlic Dry Nepali,2013-07-02,Kg,50.0,60.0,55.0
935,935,Clive Dry,2013-07-02,Kg,70.0,80.0,75.0
936,936,Clive Green,2013-07-02,Kg,45.0,50.0,47.5
937,937,Fish Fresh,2013-07-02,Kg,210.0,225.0,217.5
938,938,Tomato Big(Nepali),2013-07-03,Kg,30.0,35.0,32.5
939,939,Tomato Small(Local),2013-07-03,Kg,14.0,18.0,16.0
940,940,Potato Red,2013-07-03,Kg,22.0,23.0,22.5
941,941,Potato White,2013-07-03,Kg,18.0,19.0,18.5
942,942,Onion Dry (Indian),2013-07-03,Kg,40.0,42.0,41.0
943,943,Carrot(Local),2013-07-03,Kg,45.0,50.0,47.5
944,944,Cabbage(Local),2013-07-03,Kg,10.0,12.0,11.0
945,945,Cauli Local,2013-07-03,Kg,40.0,45.0,42.5
946,946,Raddish White(Local),2013-07-03,Kg,25.0,30.0,27.5
947,947,Brinjal Long,2013-07-03,Kg,35.0,40.0,37.5
948,948,Brinjal Round,2013-07-03,Kg,45.0,50.0,47.5
949,949,Cow pea(Long),2013-07-03,Kg,40.0,50.0,45.0
950,950,French Bean(Local),2013-07-03,Kg,35.0,40.0,37.5
951,951,Soyabean Green,2013-07-03,Kg,35.0,40.0,37.5
952,952,Bitter Gourd,2013-07-03,Kg,25.0,30.0,27.5
953,953,Bottle Gourd,2013-07-03,Kg,35.0,40.0,37.5
954,954,Pointed Gourd(Local),2013-07-03,Kg,28.0,32.0,30.0
955,955,Snake Gourd,2013-07-03,Kg,30.0,35.0,32.5
956,956,Smooth Gourd,2013-07-03,Kg,20.0,25.0,22.5
957,957,Sponge Gourd,2013-07-03,Kg,40.0,45.0,42.5
958,958,Pumpkin,2013-07-03,Kg,16.0,20.0,18.0
959,959,Squash(Long),2013-07-03,Kg,35.0,40.0,37.5
960,960,Okara,2013-07-03,Kg,40.0,45.0,42.5
961,961,Arum,2013-07-03,Kg,28.0,30.0,29.0
962,962,Christophine,2013-07-03,Kg,35.0,45.0,40.0
963,963,Brd Leaf Mustard,2013-07-03,Kg,35.0,40.0,37.5
964,964,Spinach Leaf,2013-07-03,Kg,40.0,45.0,42.5
965,965,Cress Leaf,2013-07-03,Kg,40.0,45.0,42.5
966,966,Mustard Leaf,2013-07-03,Kg,30.0,35.0,32.5
967,967,Fenugreek Leaf,2013-07-03,Kg,35.0,40.0,37.5
968,968,Onion Green,2013-07-03,Kg,35.0,40.0,37.5
969,969,Mushroom(Kanya),2013-07-03,Kg,170.0,180.0,175.0
970,970,Asparagus,2013-07-03,Kg,120.0,130.0,125.0
971,971,Neuro,2013-07-03,Kg,50.0,60.0,55.0
972,972,Sugarbeet,2013-07-03,Kg,55.0,60.0,57.5
973,973,Red Cabbbage,2013-07-03,Kg,60.0,70.0,65.0
974,974,Lettuce,2013-07-03,Kg,40.0,45.0,42.5
975,975,Celery,2013-07-03,Kg,120.0,130.0,125.0
976,976,Parseley,2013-07-03,Kg,170.0,180.0,175.0
977,977,Fennel Leaf,2013-07-03,Kg,40.0,45.0,42.5
978,978,Mint,2013-07-03,Kg,120.0,130.0,125.0
979,979,Turnip A,2013-07-03,Kg,45.0,50.0,47.5
980,980,Tamarind,2013-07-03,Kg,70.0,80.0,75.0
981,981,Bamboo Shoot,2013-07-03,Kg,60.0,70.0,65.0
982,982,Tofu,2013-07-03,Kg,55.0,60.0,57.5
983,983,Gundruk,2013-07-03,Kg,180.0,190.0,185.0
984,984,Apple(Jholey),2013-07-03,Kg,110.0,120.0,115.0
985,985,Banana,2013-07-03,Doz,40.0,50.0,45.0
986,986,Lime,2013-07-03,Kg,200.0,400.0,300.0
987,987,Pomegranate,2013-07-03,Kg,200.0,220.0,210.0
988,988,Mango(Maldah),2013-07-03,Kg,50.0,60.0,55.0
989,989,Grapes(Green),2013-07-03,Kg,250.0,260.0,255.0
990,990,Water Melon(Green),2013-07-03,Kg,20.0,25.0,22.5
991,991,Sweet Orange,2013-07-03,Kg,100.0,110.0,105.0
992,992,Pineapple,2013-07-03,1 Pc,60.0,70.0,65.0
993,993,Cucumber(Local),2013-07-03,Kg,30.0,35.0,32.5
994,994,Jack Fruit,2013-07-03,Kg,15.0,20.0,17.5
995,995,Papaya(Nepali),2013-07-03,Kg,55.0,60.0,57.5
996,996,Sugarcane,2013-07-03,1 Pc,50.0,60.0,55.0
997,997,Ginger,2013-07-03,Kg,150.0,160.0,155.0
998,998,Chilli Dry,2013-07-03,Kg,170.0,180.0,175.0
999,999,Chilli Green,2013-07-03,Kg,25.0,30.0,27.5
